î‘çÜ,êgí∑,ëÃèd
1,150,46
2,160,52
3,149,53
4,155,56
5,158,54
6,158,53
7,164,50
8,153,45
9,153,45
10,159,49
11,158,48
12,157,51
13,158,52
14,157,52
15,158,56
16,153,57
17,157,51
18,153,45
19,159,53
20,158,51
21,157,50
22,156,47
23,157,52
24,159,47
25,156,47
26,157,50
27,157,49
28,166,58
29,156,50
30,151,43
31,156,48
32,151,46
33,156,48
34,157,53
35,159,58
36,146,44
37,153,51
38,159,51
39,167,49
40,159,45
41,164,55
42,159,50
43,159,48
44,149,47
45,156,69
46,156,46
47,143,42
48,159,53
49,166,63
50,146,43
51,158,54
52,169,55
53,148,48
54,154,48
55,165,51
56,166,50
57,155,45
58,155,50
59,151,46
60,159,53
61,154,60
62,153,47
63,159,55
64,168,60
65,161,57
66,157,53
67,155,49
68,150,48
69,159,46
70,164,50
71,159,50
72,160,62
73,159,55
74,155,40
75,153,40
76,159,45
77,157,47
78,158,46
79,152,58
80,154,47
81,162,48
82,150,38
83,169,61
84,159,47
85,159,64
86,157,54
87,159,53
88,156,43
89,162,47
90,154,54
91,160,55
92,154,45
93,156,52
94,158,62
95,156,58
96,163,58
97,160,52
98,160,48
99,154,44
100,151,48
